{"options":{"flags":1},"indexes":[{"v":2,"key":{"_id":1},"name":"_id_","ns":"mmsdbjobs.data.jobsProcessor"},{"v":2,"key":{"status":1,"scheduledFor":1,"priority":1,"updated":-1},"name":"idxPriority","ns":"mmsdbjobs.data.jobsProcessor"},{"v":2,"key":{"status":1,"type":1,"scheduledFor":1},"name":"idxUpdatingJobs","ns":"mmsdbjobs.data.jobsProcessor"},{"v":2,"key":{"status":1,"updated":1},"name":"idxFindStatusJobs","ns":"mmsdbjobs.data.jobsProcessor"},{"v":2,"unique":true,"key":{"handlerId":1},"name":"handlerId_1","ns":"mmsdbjobs.data.jobsProcessor","sparse":true},{"v":2,"key":{"batchId":1},"name":"batchId_1","ns":"mmsdbjobs.data.jobsProcessor","sparse":true},{"v":2,"key":{"expireAt":1},"name":"expireAt_1","ns":"mmsdbjobs.data.jobsProcessor","expireAfterSeconds":{"$numberLong":"0"}},{"v":2,"key":{"worker":1,"params.batchId":1},"name":"worker_1_params.batchId_1","ns":"mmsdbjobs.data.jobsProcessor"}]}