{"options":{},"indexes":[{"v":2,"key":{"_id":1},"name":"_id_","ns":"mmsdbprovisioning.machines"},{"v":2,"unique":true,"key":{"machineInfo.fqdn":1},"name":"idxFqdnMachine","ns":"mmsdbprovisioning.machines"},{"v":2,"unique":true,"key":{"configParams.token":1},"name":"idxTokenMachine","ns":"mmsdbprovisioning.machines"},{"v":2,"unique":true,"key":{"machineInfo.configHostSeg":1,"machineInfo.fqdnBase":1,"machineInfo.configHostSegSuffix":-1},"name":"idxHighestSuffix","ns":"mmsdbprovisioning.machines"},{"v":2,"key":{"status":1,"updated":1},"name":"idxMachineStatus","ns":"mmsdbprovisioning.machines"},{"v":2,"key":{"batchId":1},"name":"idxBatchIdMachine","ns":"mmsdbprovisioning.machines"},{"v":2,"key":{"jobId":1},"name":"jobId_1","ns":"mmsdbprovisioning.machines","sparse":true},{"v":2,"key":{"groupId":1,"status":1,"created":-1,"updated":1},"name":"idxNotTerminatedByGroup","ns":"mmsdbprovisioning.machines"},{"v":2,"key":{"groupId":1,"created":-1},"name":"idxMachinesByGroup","ns":"mmsdbprovisioning.machines"}]}