{"options":{"capped":true,"size":104857600,"autoIndexId":true},"indexes":[{"v":2,"key":{"_id":1},"name":"_id_","ns":"mmsdbserverlog.logs"},{"v":2,"key":{"log":1,"lev":1,"ts":1},"name":"log_1_lev_1_ts_1","ns":"mmsdbserverlog.logs"},{"v":2,"key":{"lev":1,"ts":1},"name":"lev_1_ts_1","ns":"mmsdbserverlog.logs"},{"v":2,"key":{"gid":1,"lev":1,"ts":-1},"name":"gid_1_lev_1_ts_-1","ns":"mmsdbserverlog.logs"},{"v":2,"key":{"gid":1,"cat":1,"lev":1,"ts":-1},"name":"gid_1_cat_1_lev_1_ts_-1","ns":"mmsdbserverlog.logs"}]}