{"options":{},"indexes":[{"v":2,"key":{"_id":1},"name":"_id_","ns":"mmsdbratelimit.data.externalFailureTrackers"},{"v":2,"key":{"lastSuccess":1,"count":1},"name":"lastSuccess_1_count_1","ns":"mmsdbratelimit.data.externalFailureTrackers"},{"v":2,"key":{"lastFailure":1,"count":1},"name":"lastFailure_1_count_1","ns":"mmsdbratelimit.data.externalFailureTrackers"},{"v":2,"key":{"expires":1},"name":"expires_1","ns":"mmsdbratelimit.data.externalFailureTrackers","expireAfterSeconds":{"$numberLong":"0"}}]}