{"options":{"capped":true,"size":104857600,"autoIndexId":true},"indexes":[{"v":2,"key":{"_id":1},"name":"_id_","ns":"cloudconf.app.systemCronTrack"},{"v":2,"key":{"name":1,"state":1,"endDate":-1},"name":"name_1_state_1_endDate_-1","ns":"cloudconf.app.systemCronTrack"},{"v":2,"key":{"name":1,"startDate":-1},"name":"name_1_startDate_-1","ns":"cloudconf.app.systemCronTrack"},{"v":2,"key":{"hostname":1},"name":"hostnameIdx","ns":"cloudconf.app.systemCronTrack"},{"v":2,"key":{"hostAddress":1},"name":"hostAddressIdx","ns":"cloudconf.app.systemCronTrack"}]}