{"options":{},"indexes":[{"v":2,"key":{"_id":1},"name":"_id_","ns":"mmsdb.data.emails"},{"v":2,"key":{"cid":1},"name":"customerIdx","ns":"mmsdb.data.emails"},{"v":2,"key":{"uids":1},"name":"userIdsIdx","ns":"mmsdb.data.emails"},{"v":2,"key":{"cre":1},"name":"cre_1","ns":"mmsdb.data.emails"},{"v":2,"key":{"res":1,"src":1,"cre":-1},"name":"res_1_src_1_cre_-1","ns":"mmsdb.data.emails"},{"v":2,"key":{"recipient":-1},"name":"recipient_-1","ns":"mmsdb.data.emails"},{"v":2,"key":{"to":1,"cre":-1},"name":"to_1_cre_-1","ns":"mmsdb.data.emails"},{"v":2,"key":{"cc":1,"cre":-1},"name":"cc_1_cre_-1","ns":"mmsdb.data.emails"},{"v":2,"key":{"bcc":1,"cre":-1},"name":"bcc_1_cre_-1","ns":"mmsdb.data.emails"}]}