{"options":{},"indexes":[{"v":2,"key":{"_id":1},"name":"_id_","ns":"backupjobs.jobs"},{"v":2,"unique":true,"key":{"groupId":1,"rsId":1},"name":"groupId_1_rsId_1","ns":"backupjobs.jobs"},{"v":2,"key":{"workingOn.machine":1,"workingOn.heartbeat":1,"workingOn.type":1},"name":"workingOn.machine_1_workingOn.heartbeat_1_workingOn.type_1","ns":"backupjobs.jobs","sparse":true},{"v":2,"key":{"mmsRequests.version":1},"name":"mmsRequests.version_1","ns":"backupjobs.jobs","sparse":true},{"v":2,"key":{"state.action":1},"name":"state.action_1","ns":"backupjobs.jobs"},{"v":2,"key":{"machine.bound":1,"theft.eligible":1},"name":"machine.bound_1_theft.eligible_1","ns":"backupjobs.jobs"},{"v":2,"key":{"machine.owned":1,"workingOn":1,"state.action":1,"finished":1},"name":"machine.owned_1_workingOn_1_state.action_1_finished_1","ns":"backupjobs.jobs"}]}