{"options":{},"indexes":[{"v":2,"key":{"_id":1},"name":"_id_","ns":"backupjobs.restorejobs"},{"v":2,"key":{"type":1,"groupId":1,"rsId":1,"_id":-1},"name":"type_1_groupId_1_rsId_1__id_-1","ns":"backupjobs.restorejobs"},{"v":2,"key":{"groupId":1,"notified":1},"name":"groupId_1_notified_1","ns":"backupjobs.restorejobs"},{"v":2,"key":{"finished":1},"name":"finished_1","ns":"backupjobs.restorejobs"},{"v":2,"unique":true,"key":{"delivery.certCommonName":1},"name":"delivery.certCommonName_1","ns":"backupjobs.restorejobs","sparse":true}]}