{"options":{},"indexes":[{"v":2,"key":{"_id":1},"name":"_id_","ns":"mmsdbbilling.payments"},{"v":2,"key":{"invoiceId":1},"name":"invoiceId_1","ns":"mmsdbbilling.payments"},{"v":2,"key":{"groupId":1,"status":1},"name":"groupId_1_status_1","ns":"mmsdbbilling.payments"},{"v":2,"key":{"stripe.chargeId":1},"name":"stripe.chargeId_1","ns":"mmsdbbilling.payments"},{"v":2,"key":{"failedChargeAttempts.attempts":1},"name":"failedChargeAttempts.attempts_1","ns":"mmsdbbilling.payments"},{"v":2,"key":{"salesTaxStatus":1,"status":1},"name":"salesTaxStatus_1_status_1","ns":"mmsdbbilling.payments","partialFilterExpression":{"salesTaxStatus":"CALCULATED"}}]}