{"options":{},"indexes":[{"v":2,"key":{"_id":1},"name":"_id_","ns":"mmsdbconfig.config.alertConfigs"},{"v":2,"key":{"cid":1},"name":"groupIdIdx","ns":"mmsdbconfig.config.alertConfigs"},{"v":2,"key":{"et":1},"name":"eventTypeIdx","ns":"mmsdbconfig.config.alertConfigs"},{"v":2,"key":{"ac":1,"enabled":1,"cre":1},"name":"ac_1_enabled_1_cre_1","ns":"mmsdbconfig.config.alertConfigs","sparse":true},{"v":2,"key":{"notify.extFailTrackId":1},"name":"notify.extFailTrackId_1","ns":"mmsdbconfig.config.alertConfigs"}]}