{"options":{},"indexes":[{"v":2,"key":{"_id":1},"name":"_id_","ns":"mmsdbconfig.config.hostClusters"},{"v":2,"key":{"active":1},"name":"activeIdx","ns":"mmsdbconfig.config.hostClusters"},{"v":2,"unique":true,"key":{"clusterId":1},"name":"clusterIdIdx","ns":"mmsdbconfig.config.hostClusters"},{"v":2,"key":{"parentClusterId":1},"name":"parentClusterIdIdx","ns":"mmsdbconfig.config.hostClusters"},{"v":2,"unique":true,"key":{"groupId":1,"typeCode":1,"active":1,"hostIds":1},"name":"hostIdsUniqueIdx","ns":"mmsdbconfig.config.hostClusters"}]}