{"options":{},"indexes":[{"v":2,"key":{"_id":1},"name":"_id_","ns":"mmsdbconfig.config.users"},{"v":2,"unique":true,"key":{"un":1},"name":"usernameIdx","ns":"mmsdbconfig.config.users"},{"v":2,"key":{"cids":1},"name":"customerIdsIdx","ns":"mmsdbconfig.config.users"},{"v":2,"key":{"pe":1},"name":"primaryEmailIdx","ns":"mmsdbconfig.config.users"},{"v":2,"key":{"cre":1},"name":"createdIdx","ns":"mmsdbconfig.config.users"},{"v":2,"key":{"pageViewStats.last30Days":1},"name":"pageViewsLast30DaysIdx","ns":"mmsdbconfig.config.users"},{"v":2,"key":{"pageViewStats.last60Days":1},"name":"pageViewsLast60DaysIdx","ns":"mmsdbconfig.config.users"},{"v":2,"key":{"roles.cid":1,"roles.role":1},"name":"groupRoleIdx","ns":"mmsdbconfig.config.users"},{"v":2,"key":{"uiAuthCodes.code":1},"name":"uiAuthCodes.code_1","ns":"mmsdbconfig.config.users"},{"v":2,"key":{"_fts":"text","_ftsx":1},"name":"fn_text_ln_text_pe_text_un_text","ns":"mmsdbconfig.config.users","weights":{"fn":1,"ln":1,"pe":1,"un":1},"default_language":"english","language_override":"language","textIndexVersion":3}]}