{"options":{},"indexes":[{"v":2,"key":{"_id":1},"name":"_id_","ns":"mmsdbconfig.config.diskPartitions"},{"v":2,"unique":true,"key":{"cid":1,"sn":1,"n":1},"name":"cid_1_sn_1_n_1","ns":"mmsdbconfig.config.diskPartitions"},{"v":2,"key":{"cid":1,"j":1},"name":"cid_1_j_1","ns":"mmsdbconfig.config.diskPartitions"},{"v":2,"key":{"cid":1,"d.h":1,"d.s":1},"name":"cid_1_d.h_1_d.s_1","ns":"mmsdbconfig.config.diskPartitions"},{"v":2,"key":{"cid":1,"i.h":1,"i.s":1},"name":"cid_1_i.h_1_i.s_1","ns":"mmsdbconfig.config.diskPartitions"}]}