{"options":{},"indexes":[{"v":2,"key":{"_id":1},"name":"_id_","ns":"mmsdbconfig.config.customers"},{"v":2,"unique":true,"key":{"k":1},"name":"keyIdx","ns":"mmsdbconfig.config.customers"},{"v":2,"unique":true,"key":{"n":1},"name":"nameIdx","ns":"mmsdbconfig.config.customers"},{"v":2,"key":{"nts":1},"name":"nameTokenIdx","ns":"mmsdbconfig.config.customers"},{"v":2,"key":{"hostCounts.hostCount":1},"name":"hostCountIdx","ns":"mmsdbconfig.config.customers"},{"v":2,"key":{"activeAgentCount":1},"name":"activeAgentCountIdx","ns":"mmsdbconfig.config.customers"},{"v":2,"key":{"lastActiveAgent":1},"name":"lastActiveAgent_1","ns":"mmsdbconfig.config.customers"},{"v":2,"key":{"plan.planType":1},"name":"plan.planType_1","ns":"mmsdbconfig.config.customers"},{"v":2,"unique":true,"key":{"nl":1},"name":"nl_1","ns":"mmsdbconfig.config.customers"},{"v":2,"key":{"stripeCustId":1},"name":"stripeCustId_1","ns":"mmsdbconfig.config.customers"},{"v":2,"key":{"paymentStatus.status":1},"name":"paymentStatus.status_1","ns":"mmsdbconfig.config.customers"},{"v":2,"key":{"storageConfig.migration.status":1},"name":"storageConfig.migration.status_1","ns":"mmsdbconfig.config.customers","sparse":true},{"v":2,"key":{"storageConfig.retentionPolicyMigration.status":1},"name":"storageConfig.retentionPolicyMigration.status_1","ns":"mmsdbconfig.config.customers","sparse":true},{"v":2,"key":{"tags":1},"name":"tags_1","ns":"mmsdbconfig.config.customers"}]}