{"options":{},"indexes":[{"v":2,"key":{"_id":1},"name":"_id_","ns":"mongo-distributed-lock.locks"},{"v":2,"key":{"lastHeartbeat":1},"name":"lastHeartbeatV1Idx","ns":"mongo-distributed-lock.locks"},{"v":2,"key":{"appName":1},"name":"ownerAppNameV1Idx","ns":"mongo-distributed-lock.locks"},{"v":2,"key":{"lockState":1},"name":"stateV1Idx","ns":"mongo-distributed-lock.locks"},{"v":2,"key":{"lockId":1},"name":"lockIdV1Idx","ns":"mongo-distributed-lock.locks"},{"v":2,"key":{"_id":1,"lockState":1},"name":"idStateV1Idx","ns":"mongo-distributed-lock.locks"},{"v":2,"key":{"lockState":1,"lockTimeoutTime":1},"name":"stateTimeoutV1Idx","ns":"mongo-distributed-lock.locks"},{"v":2,"key":{"_id":1,"lockId":1,"lockState":1},"name":"idStateLockIdV1Idx","ns":"mongo-distributed-lock.locks"},{"v":2,"key":{"_id":1,"lockId":1,"lockState":1,"lockTimeoutTime":1},"name":"idStateLockIdTimeoutV1Idx","ns":"mongo-distributed-lock.locks"}]}